{"cratio": {"mean": 2.022217273712158, "std": 0.007674026768654585}, "speed": {"mean": 5.782431602478027, "std": 0.30885472893714905}, "categories": [[0, 0, 5, 2], [0, 1, 5, 2], [0, 2, 5, 2], [0, 35, 5, 2], [1, 0, 5, 2], [1, 1, 5, 2], [1, 2, 5, 2], [1, 35, 5, 2], [2, 0, 5, 2], [2, 1, 5, 2], [2, 2, 5, 2], [2, 35, 5, 2], [4, 0, 5, 2], [4, 1, 5, 2], [4, 2, 5, 2], [4, 35, 5, 2], [5, 0, 1, 2], [5, 1, 1, 2], [5, 2, 1, 2], [5, 35, 1, 2], [5, 0, 3, 2], [5, 1, 3, 2], [5, 2, 3, 2], [5, 35, 3, 2], [5, 0, 6, 2], [5, 1, 6, 2], [5, 2, 6, 2], [5, 35, 6, 2], [5, 0, 9, 2], [5, 1, 9, 2], [5, 2, 9, 2], [5, 35, 9, 2]]}