{"cratio": {"mean": 47.405338287353516, "std": 63.539527893066406}, "speed": {"mean": 6.101926803588867, "std": 6.565181732177734}, "categories": [[0, 0, 5, 2], [0, 1, 5, 2], [0, 2, 5, 2], [0, 34, 5, 2], [1, 0, 5, 2], [1, 1, 5, 2], [1, 2, 5, 2], [1, 34, 5, 2], [2, 0, 5, 2], [2, 1, 5, 2], [2, 2, 5, 2], [2, 34, 5, 2], [4, 0, 5, 2], [4, 1, 5, 2], [4, 2, 5, 2], [4, 34, 5, 2], [5, 0, 1, 2], [5, 1, 1, 2], [5, 2, 1, 2], [5, 34, 1, 2], [5, 0, 3, 2], [5, 1, 3, 2], [5, 2, 3, 2], [5, 34, 3, 2], [5, 0, 6, 2], [5, 1, 6, 2], [5, 2, 6, 2], [5, 34, 6, 2], [5, 0, 9, 2], [5, 1, 9, 2], [5, 2, 9, 2], [5, 34, 9, 2], [0, 0, 5, 1], [0, 1, 5, 1], [0, 2, 5, 1], [0, 34, 5, 1], [1, 0, 5, 1], [1, 1, 5, 1], [1, 2, 5, 1], [1, 34, 5, 1], [2, 0, 5, 1], [2, 1, 5, 1], [2, 2, 5, 1], [2, 34, 5, 1], [4, 0, 5, 1], [4, 1, 5, 1], [4, 2, 5, 1], [4, 34, 5, 1], [5, 0, 1, 1], [5, 1, 1, 1], [5, 2, 1, 1], [5, 34, 1, 1], [5, 0, 3, 1], [5, 1, 3, 1], [5, 2, 3, 1], [5, 34, 3, 1], [5, 0, 6, 1], [5, 1, 6, 1], [5, 2, 6, 1], [5, 34, 6, 1], [5, 0, 9, 1], [5, 1, 9, 1], [5, 2, 9, 1], [5, 34, 9, 1]]}