{"cratio": {"mean": 1.0, "std": 0.0}, "speed": {"mean": 12.325238227844238, "std": 1.2754442691802979}, "categories": [[0, 0, 5, 2], [0, 1, 5, 2], [0, 2, 5, 2], [0, 35, 5, 2], [1, 0, 5, 2], [1, 1, 5, 2], [1, 2, 5, 2], [1, 35, 5, 2], [2, 0, 5, 2], [2, 1, 5, 2], [2, 2, 5, 2], [2, 35, 5, 2], [4, 0, 5, 2], [4, 1, 5, 2], [4, 2, 5, 2], [4, 35, 5, 2], [5, 0, 1, 2], [5, 1, 1, 2], [5, 2, 1, 2], [5, 35, 1, 2], [5, 0, 3, 2], [5, 1, 3, 2], [5, 2, 3, 2], [5, 35, 3, 2], [5, 0, 6, 2], [5, 1, 6, 2], [5, 2, 6, 2], [5, 35, 6, 2], [5, 0, 9, 2], [5, 1, 9, 2], [5, 2, 9, 2], [5, 35, 9, 2], [0, 0, 5, 1], [0, 1, 5, 1], [0, 2, 5, 1], [0, 35, 5, 1], [1, 0, 5, 1], [1, 1, 5, 1], [1, 2, 5, 1], [1, 35, 5, 1], [2, 0, 5, 1], [2, 1, 5, 1], [2, 2, 5, 1], [2, 35, 5, 1], [4, 0, 5, 1], [4, 1, 5, 1], [4, 2, 5, 1], [4, 35, 5, 1], [5, 0, 1, 1], [5, 1, 1, 1], [5, 2, 1, 1], [5, 35, 1, 1], [5, 0, 3, 1], [5, 1, 3, 1], [5, 2, 3, 1], [5, 35, 3, 1], [5, 0, 6, 1], [5, 1, 6, 1], [5, 2, 6, 1], [5, 35, 6, 1], [5, 0, 9, 1], [5, 1, 9, 1], [5, 2, 9, 1], [5, 35, 9, 1]]}